filename,lines_of_code,number_of_commits,number_of_authors,filetype,date_of_first_commit,date_of_last_commit
./tests/node/template-compiler-test.js,40,3,2,js,2014-12-23,2014-12-18
./tests/node/runtime-test.js,38,1,1,js,2014-12-16,2014-12-16
./tests/node/app-boot-test.js,198,5,4,js,2014-12-16,2015-01-30
./Brocfile.js,15,67,20,js,2014-04-16,2014-12-24
./lib/packages.js,18,20,7,js,2014-04-16,2015-02-01
./lib/jscs-rules/disallow-space-inside-round-braces-in-call-expression.js,76,1,1,js,2015-01-02,2015-01-02
./lib/jscs-rules/disallow-space-before-semicolon.js,29,1,1,js,2014-12-30,2014-12-30
./lib/jscs-rules/require-spaces-after-closing-parenthesis-in-function-declaration.js,79,1,1,js,2015-01-01,2015-01-01
./lib/jscs-rules/disallow-multiple-var-decl-with-assignment.js,39,1,1,js,2014-08-11,2014-08-11
./lib/run-in-sequence.js,13,1,1,js,2014-06-27,2014-06-27
./server/index.js,5,3,2,js,2014-07-06,2014-09-29
./generators/license.js,9,10,6,js,2011-05-20,2015-01-11
./bin/run-node-tests.js,22,1,1,js,2014-12-16,2014-12-16
./bin/publish_to_s3.js,21,4,2,js,2014-06-25,2014-12-17
./bin/run-tests.js,153,11,4,js,2014-04-16,2014-12-16
./packages/container/tests/registry_test.js,347,9,4,js,2014-12-16,2015-02-02
./packages/container/tests/container_helper.js,69,6,4,js,2014-01-26,2014-07-14
./packages/container/tests/container_test.js,525,46,18,js,2012-12-16,2015-02-02
./packages/container/lib/container.js,373,37,13,js,2014-05-20,2015-02-02
./packages/container/lib/registry.js,754,13,3,js,2014-12-16,2015-01-30
./packages/container/lib/main.js,22,52,16,js,2012-12-16,2014-12-16
./packages/ember-views/tests/views/collection_test.js,752,37,20,js,2011-12-12,2015-02-02
./packages/ember-views/tests/views/text_field_test.js,564,6,5,js,2014-11-15,2015-02-02
./packages/ember-views/tests/views/simple_bound_view_test.js,36,7,6,js,2014-11-17,2015-02-02
./packages/ember-views/tests/views/container_view_test.js,791,62,22,js,2011-12-12,2015-02-02
./packages/ember-views/tests/views/text_area_test.js,227,4,2,js,2014-11-15,2015-02-02
./packages/ember-views/tests/views/metamorph_view_test.js,240,11,5,js,2014-11-10,2015-02-02
./packages/ember-views/tests/views/view/virtual_views_test.js,97,10,6,js,2011-12-12,2015-02-02
./packages/ember-views/tests/views/view/element_test.js,65,22,10,js,2011-12-12,2015-02-02
./packages/ember-views/tests/views/view/context_test.js,43,9,6,js,2012-07-12,2015-02-02
./packages/ember-views/tests/views/view/layout_test.js,132,20,12,js,2012-02-17,2015-02-02
./packages/ember-views/tests/views/view/render_test.js,244,27,14,js,2011-12-12,2015-02-02
./packages/ember-views/tests/views/view/template_test.js,257,30,14,js,2011-12-12,2015-02-02
./packages/ember-views/tests/views/view/jquery_test.js,59,13,8,js,2011-12-12,2015-02-02
./packages/ember-views/tests/views/view/create_element_test.js,140,18,11,js,2011-12-12,2015-02-02
./packages/ember-views/tests/views/view/nested_view_ordering_test.js,45,10,4,js,2014-09-26,2015-02-02
./packages/ember-views/tests/views/view/init_test.js,83,25,12,js,2011-12-12,2015-02-02
./packages/ember-views/tests/views/view/stream_test.js,75,3,2,js,2014-11-27,2015-02-02
./packages/ember-views/tests/views/view/replace_in_test.js,106,14,9,js,2011-09-15,2015-02-02
./packages/ember-views/tests/views/view/transition_to_deprecation_test.js,31,4,4,js,2014-06-27,2015-02-02
./packages/ember-views/tests/views/view/is_visible_test.js,221,14,11,js,2012-01-03,2015-02-02
./packages/ember-views/tests/views/view/inject_test.js,24,6,3,js,2014-07-14,2015-02-02
./packages/ember-views/tests/views/view/state_deprecation_test.js,42,7,3,js,2014-05-16,2015-02-02
./packages/ember-views/tests/views/view/class_name_bindings_test.js,274,26,16,js,2011-12-12,2015-02-02
./packages/ember-views/tests/views/view/view_lifecycle_test.js,380,25,12,js,2011-12-12,2015-02-02
./packages/ember-views/tests/views/view/remove_test.js,160,19,11,js,2011-12-12,2015-02-02
./packages/ember-views/tests/views/view/nearest_of_type_test.js,81,14,11,js,2012-10-20,2015-02-02
./packages/ember-views/tests/views/view/child_views_test.js,79,18,10,js,2011-12-12,2015-02-02
./packages/ember-views/tests/views/view/append_to_test.js,282,19,11,js,2011-12-12,2015-02-02
./packages/ember-views/tests/views/view/create_child_view_test.js,97,15,9,js,2011-12-12,2015-02-02
./packages/ember-views/tests/views/view/destroy_element_test.js,92,13,6,js,2011-12-12,2015-02-02
./packages/ember-views/tests/views/view/actions_test.js,102,11,8,js,2013-08-28,2015-02-02
./packages/ember-views/tests/views/view/destroy_test.js,24,13,10,js,2012-03-06,2015-02-02
./packages/ember-views/tests/views/view/controller_test.js,50,8,6,js,2012-06-06,2015-02-02
./packages/ember-views/tests/views/view/attribute_bindings_test.js,338,40,18,js,2011-12-12,2015-02-02
./packages/ember-views/tests/views/view/evented_test.js,62,9,7,js,2012-04-05,2015-02-02
./packages/ember-views/tests/views/instrumentation_test.js,58,6,4,js,2014-05-22,2015-02-02
./packages/ember-views/tests/views/select_test.js,725,8,7,js,2014-11-20,2015-02-02
./packages/ember-views/tests/views/checkbox_test.js,142,2,1,js,2014-11-15,2015-02-02
./packages/ember-views/tests/views/component_test.js,249,26,15,js,2013-06-21,2015-02-02
./packages/ember-views/tests/mixins/view_target_action_support_test.js,47,6,5,js,2013-04-02,2015-02-02
./packages/ember-views/tests/system/view_utils_test.js,68,3,2,js,2014-10-28,2015-02-02
./packages/ember-views/tests/system/sanitize_attribute_value_test.js,56,5,4,js,2014-12-15,2015-02-02
./packages/ember-views/tests/system/render_buffer_test.js,349,42,20,js,2012-02-17,2015-02-02
./packages/ember-views/tests/system/event_dispatcher_test.js,343,28,15,js,2011-12-12,2015-02-02
./packages/ember-views/tests/system/jquery_ext_test.js,86,9,7,js,2012-07-09,2015-02-02
./packages/ember-views/tests/system/ext_test.js,34,8,6,js,2012-11-09,2015-02-02
./packages/ember-views/tests/streams/parse_property_path_test.js,48,2,2,js,2014-12-15,2015-02-02
./packages/ember-views/tests/streams/class_string_for_value_test.js,51,2,2,js,2014-12-15,2015-02-02
./packages/ember-views/lib/views/states.js,35,14,8,js,2011-12-12,2015-01-26
./packages/ember-views/lib/views/collection_view.js,462,69,34,js,2011-12-12,2015-01-26
./packages/ember-views/lib/views/bound_partial_view.js,39,4,3,js,2014-12-21,2015-01-26
./packages/ember-views/lib/views/core_view.js,156,22,12,js,2014-06-06,2015-02-01
./packages/ember-views/lib/views/with_view.js,72,11,5,js,2014-11-09,2015-01-26
./packages/ember-views/lib/views/bound_component_view.js,50,4,3,js,2014-12-30,2015-01-31
./packages/ember-views/lib/views/metamorph_view.js,40,4,3,js,2014-11-10,2015-01-26
./packages/ember-views/lib/views/each.js,110,5,4,js,2014-11-17,2015-01-26
./packages/ember-views/lib/views/text_area.js,60,3,2,js,2014-11-15,2015-01-26
./packages/ember-views/lib/views/states/in_buffer.js,56,39,12,js,2011-12-12,2015-01-26
./packages/ember-views/lib/views/states/destroying.js,28,6,4,js,2012-12-08,2015-01-26
./packages/ember-views/lib/views/states/default.js,38,19,8,js,2011-12-12,2014-12-24
./packages/ember-views/lib/views/states/pre_render.js,10,32,14,js,2011-12-12,2015-01-26
./packages/ember-views/lib/views/states/has_element.js,71,10,6,js,2013-12-17,2015-01-26
./packages/ember-views/lib/views/states/in_dom.js,44,36,15,js,2011-12-12,2015-01-26
./packages/ember-views/lib/views/text_field.js,115,3,2,js,2014-11-15,2015-01-31
./packages/ember-views/lib/views/view.js,2236,392,82,js,2011-12-12,2015-02-01
./packages/ember-views/lib/views/bound_if_view.js,28,3,3,js,2014-12-21,2015-01-26
./packages/ember-views/lib/views/simple_bound_view.js,108,8,5,js,2014-11-17,2015-01-31
./packages/ember-views/lib/views/component.js,327,53,27,js,2013-06-21,2015-01-26
./packages/ember-views/lib/views/container_view.js,408,100,29,js,2011-12-12,2015-01-26
./packages/ember-views/lib/views/select.js,663,10,8,js,2014-11-20,2015-01-26
./packages/ember-views/lib/views/checkbox.js,71,3,2,js,2014-11-15,2015-01-26
./packages/ember-views/lib/attr_nodes/attr_node.js,65,2,2,js,2014-12-18,2014-12-31
./packages/ember-views/lib/attr_nodes/legacy_bind.js,32,2,2,js,2014-12-18,2015-02-02
./packages/ember-views/lib/mixins/view_target_action_support.js,55,5,4,js,2013-04-02,2014-09-23
./packages/ember-views/lib/mixins/component_template_deprecation.js,60,6,5,js,2013-12-08,2014-11-13
./packages/ember-views/lib/mixins/normalized_rerender_if_needed.js,40,2,1,js,2014-12-21,2014-12-24
./packages/ember-views/lib/mixins/text_support.js,341,5,4,js,2014-11-15,2015-01-26
./packages/ember-views/lib/system/render_buffer.js,600,92,30,js,2011-12-12,2015-02-01
./packages/ember-views/lib/system/lookup_partial.js,21,1,1,js,2014-12-21,2014-12-21
./packages/ember-views/lib/system/jquery.js,55,5,3,js,2014-05-20,2015-01-26
./packages/ember-views/lib/system/sanitize_attribute_value.js,55,5,3,js,2014-12-15,2015-01-30
./packages/ember-views/lib/system/ext.js,12,13,10,js,2011-12-12,2014-08-23
./packages/ember-views/lib/system/action_manager.js,17,1,1,js,2014-08-08,2014-08-08
./packages/ember-views/lib/system/renderer.js,144,26,12,js,2014-06-03,2015-01-31
./packages/ember-views/lib/system/utils.js,55,16,14,js,2012-12-22,2014-12-30
./packages/ember-views/lib/system/event_dispatcher.js,246,53,25,js,2011-12-12,2015-01-26
./packages/ember-views/lib/main.js,96,33,10,js,2011-12-12,2015-02-01
./packages/ember-views/lib/streams/class_name_binding.js,142,4,3,js,2014-12-15,2015-01-01
./packages/ember-views/lib/streams/context_stream.js,46,3,2,js,2014-08-29,2015-01-26
./packages/ember-views/lib/streams/should_display.js,69,4,4,js,2014-12-19,2015-01-26
./packages/ember-views/lib/streams/utils.js,54,5,5,js,2014-11-27,2014-12-24
./packages/ember-views/lib/streams/key_stream.js,107,5,2,js,2014-08-29,2015-01-26
./packages/ember-views/lib/component_lookup.js,28,3,2,js,2014-11-12,2014-12-18
./packages/ember-metal-views/tests/test_helpers.js,137,12,6,js,2014-06-03,2015-01-26
./packages/ember-metal-views/tests/children_test.js,42,7,7,js,2014-06-03,2015-02-02
./packages/ember-metal-views/tests/main_test.js,142,9,8,js,2014-06-03,2015-02-02
./packages/ember-metal-views/tests/attributes_test.js,21,7,6,js,2014-06-03,2015-02-02
./packages/ember-metal-views/lib/renderer.js,303,18,11,js,2014-06-03,2015-02-01
./packages/ember-metal-views/lib/main.js,2,4,2,js,2014-06-03,2014-06-03
./packages/ember-testing/tests/adapters/qunit_test.js,51,6,4,js,2014-05-20,2015-02-02
./packages/ember-testing/tests/adapters/adapter_test.js,34,4,2,js,2014-05-20,2015-02-02
./packages/ember-testing/tests/helpers_test.js,972,66,24,js,2013-04-18,2015-02-02
./packages/ember-testing/tests/integration_test.js,124,16,6,js,2013-07-20,2015-02-02
./packages/ember-testing/tests/adapters_test.js,52,8,3,js,2013-06-18,2015-02-02
./packages/ember-testing/tests/simple_setup.js,15,5,2,js,2013-11-22,2014-08-23
./packages/ember-testing/tests/helper_registration_test.js,83,6,3,js,2013-11-20,2015-02-02
./packages/ember-testing/tests/acceptance_test.js,297,34,13,js,2013-04-26,2015-02-02
./packages/ember-testing/lib/adapters/adapter.js,59,3,3,js,2014-05-20,2014-11-01
./packages/ember-testing/lib/adapters/qunit.js,22,1,1,js,2014-05-20,2014-05-20
./packages/ember-testing/lib/support.js,59,10,6,js,2013-06-27,2015-01-02
./packages/ember-testing/lib/setup_for_testing.js,50,2,2,js,2014-05-20,2014-12-31
./packages/ember-testing/lib/test.js,522,43,16,js,2013-05-01,2015-01-26
./packages/ember-testing/lib/helpers.js,517,82,24,js,2013-04-18,2015-01-23
./packages/ember-testing/lib/main.js,23,10,4,js,2013-04-18,2014-05-20
./packages/ember-testing/lib/initializers.js,17,8,3,js,2013-11-03,2014-12-31
./packages/loader/lib/main.js,93,18,7,js,2012-11-23,2015-01-26
./packages/ember-runtime/tests/computed/reduce_computed_macros_test.js,1542,38,19,js,2013-08-27,2015-02-02
./packages/ember-runtime/tests/computed/reduce_computed_test.js,1036,41,12,js,2013-08-27,2015-02-02
./packages/ember-runtime/tests/computed/computed_macros_test.js,50,7,5,js,2014-01-23,2015-01-26
./packages/ember-runtime/tests/inject_test.js,67,8,3,js,2014-07-14,2015-02-02
./packages/ember-runtime/tests/core/is_empty_test.js,11,7,4,js,2013-03-05,2015-02-02
./packages/ember-runtime/tests/core/is_array_test.js,11,7,6,js,2013-03-07,2015-02-02
./packages/ember-runtime/tests/core/copy_test.js,25,11,6,js,2011-12-12,2015-02-02
./packages/ember-runtime/tests/core/type_test.js,20,13,6,js,2011-12-12,2015-02-02
./packages/ember-runtime/tests/core/compare_test.js,77,13,9,js,2011-12-12,2015-02-02
./packages/ember-runtime/tests/core/isEqual_test.js,38,11,7,js,2011-12-12,2015-02-02
./packages/ember-runtime/tests/mixins/sortable_test.js,381,25,14,js,2012-06-05,2015-02-02
./packages/ember-runtime/tests/mixins/deferred_test.js,367,23,10,js,2012-08-15,2015-02-02
./packages/ember-runtime/tests/mixins/mutable_enumerable_test.js,74,13,8,js,2011-12-12,2014-12-24
./packages/ember-runtime/tests/mixins/promise_proxy_test.js,266,21,9,js,2013-08-01,2015-02-02
./packages/ember-runtime/tests/mixins/action_handler_test.js,18,7,5,js,2013-11-16,2015-02-02
./packages/ember-runtime/tests/mixins/array_test.js,459,24,17,js,2011-12-12,2015-02-02
./packages/ember-runtime/tests/mixins/observable_test.js,100,17,11,js,2011-12-12,2015-02-02
./packages/ember-runtime/tests/mixins/comparable_test.js,39,9,5,js,2011-12-12,2015-02-02
./packages/ember-runtime/tests/mixins/target_action_support_test.js,180,16,11,js,2011-12-12,2015-02-02
./packages/ember-runtime/tests/mixins/enumerable_test.js,353,25,14,js,2011-12-12,2015-02-02
./packages/ember-runtime/tests/mixins/copyable_test.js,39,8,6,js,2011-12-12,2015-01-26
./packages/ember-runtime/tests/mixins/mutable_array_test.js,66,9,5,js,2011-12-12,2014-08-13
./packages/ember-runtime/tests/system/native_array/suite_test.js,19,5,4,js,2011-12-12,2014-05-20
./packages/ember-runtime/tests/system/native_array/copyable_suite_test.js,39,10,6,js,2011-12-12,2015-02-02
./packages/ember-runtime/tests/system/deferred_test.js,38,5,4,js,2012-12-30,2014-08-23
./packages/ember-runtime/tests/system/set/copyable_suite_test.js,45,9,5,js,2011-12-12,2014-12-30
./packages/ember-runtime/tests/system/set/extra_test.js,101,17,9,js,2011-12-12,2015-02-02
./packages/ember-runtime/tests/system/set/enumerable_suite_test.js,37,6,4,js,2011-12-12,2014-08-02
./packages/ember-runtime/tests/system/tracked_array_test.js,255,8,5,js,2013-08-27,2015-02-02
./packages/ember-runtime/tests/system/subarray_test.js,125,8,6,js,2013-08-27,2015-02-02
./packages/ember-runtime/tests/system/namespace/base_test.js,128,22,12,js,2011-12-12,2015-02-02
./packages/ember-runtime/tests/system/array_proxy/suite_test.js,23,5,4,js,2011-12-12,2014-05-20
./packages/ember-runtime/tests/system/array_proxy/content_update_test.js,28,9,7,js,2012-09-01,2015-02-02
./packages/ember-runtime/tests/system/array_proxy/arranged_content_test.js,302,9,6,js,2013-03-08,2015-02-02
./packages/ember-runtime/tests/system/array_proxy/content_change_test.js,82,8,5,js,2012-05-06,2015-02-02
./packages/ember-runtime/tests/system/object/extend_test.js,95,14,11,js,2011-12-12,2015-02-02
./packages/ember-runtime/tests/system/object/strict-mode-test.js,27,3,2,js,2014-07-21,2015-02-02
./packages/ember-runtime/tests/system/object/detect_test.js,31,7,6,js,2012-01-07,2015-02-02
./packages/ember-runtime/tests/system/object/observer_test.js,231,15,12,js,2011-12-12,2014-12-07
./packages/ember-runtime/tests/system/object/events_test.js,142,14,9,js,2012-02-22,2015-02-02
./packages/ember-runtime/tests/system/object/computed_test.js,242,26,12,js,2011-12-12,2015-02-02
./packages/ember-runtime/tests/system/object/reopenClass_test.js,31,7,4,js,2011-12-12,2015-02-02
./packages/ember-runtime/tests/system/object/subclasses_test.js,36,15,5,js,2011-12-12,2015-02-02
./packages/ember-runtime/tests/system/object/toString_test.js,97,9,6,js,2012-12-08,2015-02-02
./packages/ember-runtime/tests/system/object/destroy_test.js,175,22,15,js,2011-12-12,2015-02-02
./packages/ember-runtime/tests/system/object/reopen_test.js,43,12,7,js,2011-12-12,2015-02-02
./packages/ember-runtime/tests/system/object/create_test.js,358,36,18,js,2011-12-12,2015-02-02
./packages/ember-runtime/tests/system/object/detectInstance_test.js,36,8,6,js,2012-01-07,2015-02-02
./packages/ember-runtime/tests/system/lazy_load_test.js,69,7,5,js,2012-05-17,2015-02-02
./packages/ember-runtime/tests/system/application/base_test.js,9,6,4,js,2011-12-12,2015-02-02
./packages/ember-runtime/tests/system/object_proxy_test.js,194,11,7,js,2012-05-21,2015-02-02
./packages/ember-runtime/tests/system/string/dasherize_test.js,45,2,1,js,2014-05-20,2015-02-02
./packages/ember-runtime/tests/system/string/classify_test.js,38,2,1,js,2014-05-20,2015-02-02
./packages/ember-runtime/tests/system/string/underscore_test.js,38,2,1,js,2014-05-20,2015-02-02
./packages/ember-runtime/tests/system/string/fmt_string_test.js,44,3,2,js,2014-05-20,2015-02-02
./packages/ember-runtime/tests/system/string/camelize_test.js,52,2,1,js,2014-05-20,2015-02-02
./packages/ember-runtime/tests/system/string/capitalize_test.js,45,2,1,js,2014-05-20,2015-02-02
./packages/ember-runtime/tests/system/string/w_test.js,33,7,4,js,2011-12-12,2015-02-02
./packages/ember-runtime/tests/system/string/loc_test.js,59,8,4,js,2011-12-12,2015-02-02
./packages/ember-runtime/tests/system/string/decamelize_test.js,45,2,1,js,2014-05-20,2015-02-02
./packages/ember-runtime/tests/ext/function_test.js,106,13,8,js,2011-12-12,2015-01-01
./packages/ember-runtime/tests/ext/rsvp_test.js,170,13,8,js,2013-11-15,2015-02-02
./packages/ember-runtime/tests/ext/mixin_test.js,52,12,7,js,2011-12-12,2015-02-02
./packages/ember-runtime/tests/suites/array.js,45,9,6,js,2011-12-12,2015-01-15
./packages/ember-runtime/tests/suites/mutable_array.js,24,8,7,js,2011-12-12,2014-08-23
./packages/ember-runtime/tests/suites/array/objectAt.js,30,8,5,js,2011-12-12,2014-12-29
./packages/ember-runtime/tests/suites/array/indexOf.js,27,8,5,js,2011-12-12,2014-12-29
./packages/ember-runtime/tests/suites/array/lastIndexOf.js,68,9,6,js,2012-01-06,2014-12-29
./packages/ember-runtime/tests/suites/mutable_enumerable.js,12,6,5,js,2011-12-12,2014-08-23
./packages/ember-runtime/tests/suites/copyable.js,45,7,6,js,2011-12-12,2014-08-23
./packages/ember-runtime/tests/suites/mutable_array/removeAt.js,124,13,6,js,2011-12-12,2015-02-02
./packages/ember-runtime/tests/suites/mutable_array/clear.js,49,7,4,js,2012-03-20,2014-05-20
./packages/ember-runtime/tests/suites/mutable_array/pushObjects.js,15,5,4,js,2013-07-03,2015-02-02
./packages/ember-runtime/tests/suites/mutable_array/replace.js,143,13,6,js,2011-12-12,2014-12-30
./packages/ember-runtime/tests/suites/mutable_array/unshiftObject.js,83,11,5,js,2011-12-12,2014-05-20
./packages/ember-runtime/tests/suites/mutable_array/reverseObjects.js,29,4,4,js,2012-07-12,2014-05-20
./packages/ember-runtime/tests/suites/mutable_array/popObject.js,71,9,4,js,2011-12-12,2014-05-20
./packages/ember-runtime/tests/suites/mutable_array/setObjects.js,49,4,4,js,2012-08-16,2014-05-20
./packages/ember-runtime/tests/suites/mutable_array/addObject.js,63,6,3,js,2012-05-02,2014-05-20
./packages/ember-runtime/tests/suites/mutable_array/unshiftObjects.js,80,7,3,js,2012-05-03,2014-05-20
./packages/ember-runtime/tests/suites/mutable_array/pushObject.js,58,10,5,js,2011-12-12,2014-05-20
./packages/ember-runtime/tests/suites/mutable_array/shiftObject.js,73,10,5,js,2011-12-12,2014-05-20
./packages/ember-runtime/tests/suites/mutable_array/removeObject.js,63,6,3,js,2012-05-02,2014-05-20
./packages/ember-runtime/tests/suites/mutable_array/insertAt.js,204,12,5,js,2011-12-12,2015-02-02
./packages/ember-runtime/tests/suites/enumerable.js,321,26,18,js,2011-12-12,2015-01-26
./packages/ember-runtime/tests/suites/suite.js,147,20,11,js,2011-12-12,2015-02-02
./packages/ember-runtime/tests/suites/enumerable/toArray.js,12,5,4,js,2011-12-12,2014-05-20
./packages/ember-runtime/tests/suites/enumerable/compact.js,13,7,6,js,2011-12-25,2014-05-20
./packages/ember-runtime/tests/suites/enumerable/is_any.js,74,1,1,js,2014-05-20,2014-05-20
./packages/ember-runtime/tests/suites/enumerable/contains.js,19,6,5,js,2011-12-12,2014-05-20
./packages/ember-runtime/tests/suites/enumerable/filter.js,146,13,7,js,2011-12-12,2015-01-01
./packages/ember-runtime/tests/suites/enumerable/every.js,100,13,8,js,2011-12-12,2015-01-01
./packages/ember-runtime/tests/suites/enumerable/uniq.js,28,6,4,js,2011-12-12,2014-05-20
./packages/ember-runtime/tests/suites/enumerable/invoke.js,34,6,4,js,2011-12-12,2014-05-20
./packages/ember-runtime/tests/suites/enumerable/sortBy.js,24,7,4,js,2013-09-19,2015-01-01
./packages/ember-runtime/tests/suites/enumerable/any.js,106,10,7,js,2013-08-19,2015-01-01
./packages/ember-runtime/tests/suites/enumerable/lastObject.js,21,7,5,js,2011-12-12,2014-08-13
./packages/ember-runtime/tests/suites/enumerable/firstObject.js,18,6,5,js,2011-12-12,2014-05-20
./packages/ember-runtime/tests/suites/enumerable/without.js,29,6,4,js,2011-12-12,2014-05-20
./packages/ember-runtime/tests/suites/enumerable/map.js,76,13,8,js,2011-12-12,2014-12-30
./packages/ember-runtime/tests/suites/enumerable/reduce.js,25,7,6,js,2011-12-25,2014-12-30
./packages/ember-runtime/tests/suites/enumerable/reject.js,153,7,6,js,2012-12-04,2015-01-01
./packages/ember-runtime/tests/suites/enumerable/mapBy.js,22,4,4,js,2013-08-19,2015-01-01
./packages/ember-runtime/tests/suites/enumerable/find.js,113,14,7,js,2011-12-12,2015-01-01
./packages/ember-runtime/tests/suites/enumerable/forEach.js,74,11,7,js,2011-12-12,2014-12-30
./packages/ember-runtime/tests/suites/mutable_enumerable/addObject.js,73,12,6,js,2011-12-12,2014-05-20
./packages/ember-runtime/tests/suites/mutable_enumerable/removeObjects.js,190,1,1,js,2014-05-20,2014-05-20
./packages/ember-runtime/tests/suites/mutable_enumerable/removeObject.js,74,10,5,js,2011-12-12,2014-05-20
./packages/ember-runtime/tests/suites/copyable/copy.js,13,4,3,js,2011-12-12,2014-05-20
./packages/ember-runtime/tests/suites/copyable/frozenCopy.js,29,6,4,js,2011-12-12,2014-05-20
./packages/ember-runtime/tests/controllers/object_controller_test.js,70,4,2,js,2014-07-08,2015-02-02
./packages/ember-runtime/tests/controllers/controller_test.js,241,20,10,js,2013-08-28,2015-02-02
./packages/ember-runtime/tests/controllers/array_controller_test.js,38,12,8,js,2011-12-12,2015-02-02
./packages/ember-runtime/tests/controllers/item_controller_class_test.js,378,25,12,js,2013-01-02,2015-02-02
./packages/ember-runtime/tests/legacy_1x/mixins/observable/chained_test.js,56,7,4,js,2011-12-12,2015-02-02
./packages/ember-runtime/tests/legacy_1x/mixins/observable/observersForKey_test.js,43,9,5,js,2011-12-12,2015-02-02
./packages/ember-runtime/tests/legacy_1x/mixins/observable/propertyChanges_test.js,143,19,10,js,2011-12-12,2015-02-02
./packages/ember-runtime/tests/legacy_1x/mixins/observable/observable_test.js,955,54,21,js,2011-12-12,2015-02-02
./packages/ember-runtime/tests/legacy_1x/system/set_test.js,339,21,10,js,2011-12-12,2015-02-02
./packages/ember-runtime/tests/legacy_1x/system/binding_test.js,325,34,13,js,2011-12-12,2015-02-02
./packages/ember-runtime/tests/legacy_1x/system/object/concatenated_test.js,105,13,7,js,2011-12-12,2015-02-02
./packages/ember-runtime/tests/legacy_1x/system/object/bindings_test.js,170,19,9,js,2011-12-12,2015-02-02
./packages/ember-runtime/tests/legacy_1x/system/object/base_test.js,152,24,13,js,2011-12-12,2015-02-02
./packages/ember-runtime/tests/legacy_1x/system/run_loop_test.js,106,24,11,js,2011-12-12,2015-02-02
./packages/ember-runtime/tests/utils.js,16,1,1,js,2014-12-01,2014-12-01
./packages/ember-runtime/lib/compare.js,110,6,5,js,2014-05-20,2014-12-30
./packages/ember-runtime/lib/computed/reduce_computed_macros.js,840,44,24,js,2013-08-27,2015-01-01
./packages/ember-runtime/lib/computed/reduce_computed.js,856,59,18,js,2013-08-27,2015-01-26
./packages/ember-runtime/lib/computed/array_computed.js,191,16,10,js,2013-08-27,2015-01-26
./packages/ember-runtime/lib/mixins/freezable.js,95,17,10,js,2011-12-12,2014-12-24
./packages/ember-runtime/lib/mixins/array.js,523,71,30,js,2011-12-12,2014-11-01
./packages/ember-runtime/lib/mixins/promise_proxy.js,209,13,7,js,2013-08-01,2014-08-05
./packages/ember-runtime/lib/mixins/mutable_array.js,375,47,28,js,2011-12-12,2014-12-29
./packages/ember-runtime/lib/mixins/controller_content_model_alias_deprecation.js,52,5,5,js,2014-05-20,2014-11-04
./packages/ember-runtime/lib/mixins/action_handler.js,224,19,13,js,2013-08-28,2015-01-26
./packages/ember-runtime/lib/mixins/observable.js,511,51,29,js,2011-12-12,2014-12-24
./packages/ember-runtime/lib/mixins/mutable_enumerable.js,114,19,10,js,2011-12-12,2014-06-12
./packages/ember-runtime/lib/mixins/copyable.js,61,17,9,js,2011-12-12,2015-01-15
./packages/ember-runtime/lib/mixins/comparable.js,39,13,7,js,2011-12-12,2014-05-20
./packages/ember-runtime/lib/mixins/-proxy.js,106,4,3,js,2014-08-15,2014-12-27
./packages/ember-runtime/lib/mixins/enumerable.js,1176,95,43,js,2011-12-12,2015-01-04
./packages/ember-runtime/lib/mixins/evented.js,154,26,17,js,2012-02-22,2014-05-20
./packages/ember-runtime/lib/mixins/deferred.js,75,30,11,js,2012-08-15,2014-12-24
./packages/ember-runtime/lib/mixins/target_action_support.js,148,21,12,js,2011-12-12,2014-12-24
./packages/ember-runtime/lib/mixins/controller.js,61,5,4,js,2014-06-12,2015-01-26
./packages/ember-runtime/lib/mixins/sortable.js,303,41,23,js,2012-06-05,2015-01-26
./packages/ember-runtime/lib/inject.js,73,3,2,js,2014-07-14,2015-01-31
./packages/ember-runtime/lib/copy.js,91,7,6,js,2014-05-20,2014-11-24
./packages/ember-runtime/lib/core.js,34,48,18,js,2011-12-12,2015-01-26
./packages/ember-runtime/lib/system/namespace.js,224,24,13,js,2011-12-12,2015-01-26
./packages/ember-runtime/lib/system/each_proxy.js,244,32,15,js,2011-12-12,2015-01-26
./packages/ember-runtime/lib/system/string.js,313,40,19,js,2011-12-12,2014-08-20
./packages/ember-runtime/lib/system/object.js,24,17,9,js,2011-12-12,2014-11-27
./packages/ember-runtime/lib/system/core_object.js,920,150,45,js,2011-12-12,2015-01-31
./packages/ember-runtime/lib/system/array_proxy.js,388,48,24,js,2011-12-12,2015-01-26
./packages/ember-runtime/lib/system/service.js,43,1,1,js,2014-07-14,2014-07-14
./packages/ember-runtime/lib/system/container.js,8,8,5,js,2013-01-07,2014-12-17
./packages/ember-runtime/lib/system/application.js,3,8,6,js,2011-12-12,2014-05-20
./packages/ember-runtime/lib/system/deferred.js,20,9,7,js,2012-12-30,2015-01-26
./packages/ember-runtime/lib/system/subarray.js,176,13,10,js,2013-08-27,2015-01-01
./packages/ember-runtime/lib/system/object_proxy.js,73,23,12,js,2012-05-21,2014-08-15
./packages/ember-runtime/lib/system/native_array.js,180,33,21,js,2011-12-12,2015-02-03
./packages/ember-runtime/lib/system/set.js,501,39,21,js,2011-12-12,2015-01-26
./packages/ember-runtime/lib/system/lazy_load.js,66,12,9,js,2012-05-17,2015-01-01
./packages/ember-runtime/lib/system/tracked_array.js,326,16,9,js,2013-08-27,2015-01-01
./packages/ember-runtime/lib/ext/string.js,112,20,12,js,2011-12-12,2014-07-19
./packages/ember-runtime/lib/ext/function.js,219,27,16,js,2011-12-12,2014-12-29
./packages/ember-runtime/lib/ext/rsvp.js,76,13,7,js,2014-05-20,2015-02-03
./packages/ember-runtime/lib/controllers/array_controller.js,279,48,30,js,2011-12-12,2015-01-26
./packages/ember-runtime/lib/controllers/object_controller.js,31,13,10,js,2012-05-21,2015-01-10
./packages/ember-runtime/lib/controllers/controller.js,57,29,18,js,2012-05-19,2014-11-05
./packages/ember-runtime/lib/main.js,186,17,10,js,2011-12-12,2014-12-24
./packages/ember-extension-support/tests/data_adapter_test.js,214,17,11,js,2013-08-12,2015-02-02
./packages/ember-extension-support/tests/container_debug_adapter_test.js,52,11,8,js,2014-01-09,2015-02-02
./packages/ember-extension-support/lib/container_debug_adapter.js,114,11,8,js,2014-01-09,2014-12-24
./packages/ember-extension-support/lib/main.js,14,4,3,js,2013-08-12,2014-05-20
./packages/ember-extension-support/lib/data_adapter.js,494,14,10,js,2013-08-12,2015-01-26
./packages/ember-routing/tests/system/route_test.js,254,23,13,js,2013-07-04,2015-02-02
./packages/ember-routing/tests/system/router_test.js,180,16,9,js,2013-06-02,2015-02-02
./packages/ember-routing/tests/system/dsl_test.js,111,7,4,js,2014-05-20,2015-02-02
./packages/ember-routing/tests/system/controller_for_test.js,143,16,9,js,2013-01-07,2015-02-02
./packages/ember-routing/tests/location/auto_location_test.js,369,15,12,js,2014-02-20,2015-02-02
./packages/ember-routing/tests/location/history_location_test.js,218,16,11,js,2013-12-12,2015-02-02
./packages/ember-routing/tests/location/hash_location_test.js,186,7,4,js,2014-10-23,2015-02-02
./packages/ember-routing/lib/system/generate_controller.js,76,4,3,js,2014-06-12,2014-12-18
./packages/ember-routing/lib/system/router_state.js,40,1,1,js,2014-12-14,2014-12-14
./packages/ember-routing/lib/system/query_params.js,6,1,1,js,2014-11-13,2014-11-13
./packages/ember-routing/lib/system/route.js,2081,243,80,js,2012-12-01,2015-01-26
./packages/ember-routing/lib/system/dsl.js,119,21,13,js,2013-01-13,2015-01-10
./packages/ember-routing/lib/system/router.js,952,155,45,js,2012-12-01,2015-01-26
./packages/ember-routing/lib/system/controller_for.js,16,20,11,js,2012-12-18,2014-06-12
./packages/ember-routing/lib/system/cache.js,30,2,2,js,2014-05-14,2014-06-12
./packages/ember-routing/lib/location/auto_location.js,357,18,11,js,2013-11-11,2014-12-30
./packages/ember-routing/lib/location/api.js,206,18,10,js,2012-08-09,2014-12-15
./packages/ember-routing/lib/location/feature_detect.js,39,2,1,js,2014-12-15,2014-12-16
./packages/ember-routing/lib/location/hash_location.js,149,27,17,js,2012-08-09,2014-12-24
./packages/ember-routing/lib/location/none_location.js,90,12,8,js,2012-08-09,2014-10-08
./packages/ember-routing/lib/location/history_location.js,208,43,25,js,2012-08-09,2014-12-29
./packages/ember-routing/lib/ext/run_loop.js,12,2,2,js,2014-05-20,2014-08-23
./packages/ember-routing/lib/ext/view.js,155,21,15,js,2012-12-28,2015-01-26
./packages/ember-routing/lib/ext/controller.js,355,42,19,js,2013-01-05,2015-01-15
./packages/ember-routing/lib/utils.js,46,1,1,js,2014-09-11,2014-09-11
./packages/ember-routing/lib/main.js,44,16,9,js,2012-06-13,2014-08-23
./packages/ember-template-compiler/tests/plugins_test.js,41,3,1,js,2014-12-22,2015-02-02
./packages/ember-template-compiler/tests/system/template_test.js,25,3,1,js,2014-12-22,2015-02-02
./packages/ember-template-compiler/tests/system/compile_test.js,30,3,1,js,2014-12-22,2015-02-02
./packages/ember-template-compiler/tests/main_test.js,0,1,1,js,2014-12-22,2014-12-22
./packages/ember-template-compiler/tests/plugins/transform-each-in-to-hash-test.js,11,2,1,js,2015-01-02,2015-02-02
./packages/ember-template-compiler/tests/plugins/transform-with-as-to-hash-test.js,11,2,1,js,2015-01-02,2015-02-02
./packages/ember-template-compiler/lib/compat.js,10,1,1,js,2015-01-18,2015-01-18
./packages/ember-template-compiler/lib/system/compile.js,31,5,1,js,2014-12-22,2015-01-18
./packages/ember-template-compiler/lib/system/compile_options.js,24,2,1,js,2014-12-23,2014-12-23
./packages/ember-template-compiler/lib/system/precompile.js,29,3,1,js,2014-12-23,2015-01-18
./packages/ember-template-compiler/lib/system/template.js,20,3,2,js,2014-12-22,2014-12-30
./packages/ember-template-compiler/lib/plugins/transform-with-as-to-hash.js,62,3,2,js,2014-12-22,2015-01-02
./packages/ember-template-compiler/lib/plugins/transform-each-in-to-hash.js,73,2,1,js,2014-12-22,2015-01-02
./packages/ember-template-compiler/lib/compat/precompile.js,24,1,1,js,2015-01-18,2015-01-18
./packages/ember-template-compiler/lib/main.js,22,5,1,js,2014-12-22,2015-01-18
./packages/ember-template-compiler/lib/plugins.js,28,4,2,js,2014-12-22,2015-01-01
./packages/ember-routing-views/tests/main_test.js,9,2,2,js,2014-11-13,2015-02-02
./packages/ember-routing-views/lib/views/link.js,625,12,7,js,2014-11-13,2015-01-26
./packages/ember-routing-views/lib/views/outlet.js,9,1,1,js,2014-11-13,2014-11-13
./packages/ember-routing-views/lib/main.js,17,1,1,js,2014-11-13,2014-11-13
./packages/ember-debug/tests/main_test.js,105,3,3,js,2014-11-11,2015-02-02
./packages/ember-debug/tests/warn_if_using_stripped_feature_flags_test.js,79,3,3,js,2014-10-11,2015-02-02
./packages/ember-debug/lib/main.js,264,53,22,js,2012-01-24,2014-12-24
./packages/ember-routing-htmlbars/tests/helpers/render_test.js,553,14,6,js,2014-11-17,2015-02-02
./packages/ember-routing-htmlbars/tests/helpers/outlet_test.js,341,15,5,js,2014-11-15,2015-02-02
./packages/ember-routing-htmlbars/tests/helpers/action_test.js,1079,15,7,js,2014-11-16,2015-02-02
./packages/ember-routing-htmlbars/tests/helpers/link-to_test.js,101,7,3,js,2014-11-16,2015-02-02
./packages/ember-routing-htmlbars/tests/utils.js,65,1,1,js,2015-01-05,2015-01-05
./packages/ember-routing-htmlbars/lib/helpers/outlet.js,115,8,3,js,2014-11-15,2015-01-16
./packages/ember-routing-htmlbars/lib/helpers/action.js,307,5,4,js,2014-11-16,2015-01-15
./packages/ember-routing-htmlbars/lib/helpers/query-params.js,29,2,1,js,2014-11-17,2014-11-17
./packages/ember-routing-htmlbars/lib/helpers/render.js,195,8,3,js,2014-11-17,2014-12-24
./packages/ember-routing-htmlbars/lib/helpers/link-to.js,364,11,4,js,2014-11-16,2014-12-30
./packages/ember-routing-htmlbars/lib/main.js,29,6,3,js,2014-11-15,2014-11-17
./packages/ember-htmlbars/tests/attr_nodes/value_test.js,47,10,4,js,2014-11-25,2015-02-02
./packages/ember-htmlbars/tests/attr_nodes/sanitized_test.js,112,9,4,js,2014-12-21,2015-02-02
./packages/ember-htmlbars/tests/attr_nodes/class_test.js,155,15,4,js,2014-11-25,2015-02-02
./packages/ember-htmlbars/tests/attr_nodes/boolean_test.js,99,12,4,js,2014-11-25,2015-02-02
./packages/ember-htmlbars/tests/attr_nodes/href_test.js,35,8,4,js,2014-11-25,2015-02-02
./packages/ember-htmlbars/tests/attr_nodes/data_test.js,262,13,7,js,2014-11-25,2015-02-02
./packages/ember-htmlbars/tests/attr_nodes/property_test.js,73,3,2,js,2015-01-31,2015-02-02
./packages/ember-htmlbars/tests/attr_nodes/svg_test.js,79,10,4,js,2014-11-30,2015-02-02
./packages/ember-htmlbars/tests/helpers/sanitized_bind_attr_test.js,92,6,3,js,2014-12-21,2015-02-02
./packages/ember-htmlbars/tests/helpers/collection_test.js,688,13,7,js,2014-11-16,2015-02-02
./packages/ember-htmlbars/tests/helpers/template_test.js,61,10,4,js,2014-11-11,2015-02-02
./packages/ember-htmlbars/tests/helpers/log_test.js,67,8,3,js,2014-11-25,2015-02-02
./packages/ember-htmlbars/tests/helpers/yield_test.js,384,17,6,js,2014-10-17,2015-02-02
./packages/ember-htmlbars/tests/helpers/bind_attr_test.js,588,26,7,js,2014-11-11,2015-02-02
./packages/ember-htmlbars/tests/helpers/unbound_test.js,427,22,8,js,2014-11-12,2015-02-02
./packages/ember-htmlbars/tests/helpers/input_test.js,310,7,3,js,2014-11-15,2015-02-02
./packages/ember-htmlbars/tests/helpers/text_area_test.js,46,8,3,js,2014-11-16,2015-02-02
./packages/ember-htmlbars/tests/helpers/each_test.js,1074,23,12,js,2014-11-16,2015-02-02
./packages/ember-htmlbars/tests/helpers/debug_test.js,68,8,2,js,2014-11-10,2015-02-02
./packages/ember-htmlbars/tests/helpers/if_unless_test.js,885,25,13,js,2014-10-17,2015-02-02
./packages/ember-htmlbars/tests/helpers/loc_test.js,80,8,3,js,2014-11-10,2015-02-02
./packages/ember-htmlbars/tests/helpers/partial_test.js,95,10,4,js,2014-11-11,2015-02-02
./packages/ember-htmlbars/tests/helpers/with_test.js,513,22,11,js,2014-10-17,2015-02-02
./packages/ember-htmlbars/tests/helpers/component_test.js,167,2,2,js,2014-12-30,2015-02-02
./packages/ember-htmlbars/tests/helpers/view_test.js,1297,25,11,js,2014-10-17,2015-02-02
./packages/ember-htmlbars/tests/utils/string_test.js,18,3,2,js,2014-11-16,2015-02-02
./packages/ember-htmlbars/tests/system/render_view_test.js,31,2,2,js,2015-02-02,2015-02-02
./packages/ember-htmlbars/tests/system/bootstrap_test.js,164,6,4,js,2014-11-21,2015-02-02
./packages/ember-htmlbars/tests/system/make_view_helper_test.js,13,4,3,js,2014-11-24,2015-02-02
./packages/ember-htmlbars/tests/system/make_bound_helper_test.js,281,15,6,js,2014-11-27,2015-02-02
./packages/ember-htmlbars/tests/system/lookup-helper_test.js,125,9,2,js,2014-11-12,2015-02-02
./packages/ember-htmlbars/tests/compat/precompile_test.js,35,6,3,js,2014-11-21,2015-02-02
./packages/ember-htmlbars/tests/compat/handlebars_get_test.js,122,9,4,js,2014-11-20,2015-02-02
./packages/ember-htmlbars/tests/compat/make-view-helper_test.js,41,9,3,js,2014-11-24,2015-02-02
./packages/ember-htmlbars/tests/compat/make_bound_helper_test.js,584,16,7,js,2014-11-18,2015-02-02
./packages/ember-htmlbars/tests/compat/helper_test.js,232,14,5,js,2014-11-18,2015-02-02
./packages/ember-htmlbars/tests/integration/globals_integration_test.js,72,8,4,js,2014-11-25,2015-02-02
./packages/ember-htmlbars/tests/integration/escape_integration_test.js,118,10,4,js,2014-11-25,2015-02-02
./packages/ember-htmlbars/tests/integration/component_invocation_test.js,86,9,3,js,2014-11-21,2015-02-02
./packages/ember-htmlbars/tests/integration/with_view_test.js,183,11,5,js,2014-11-25,2015-02-02
./packages/ember-htmlbars/tests/integration/binding_integration_test.js,179,11,5,js,2014-11-26,2015-02-02
./packages/ember-htmlbars/tests/integration/tagless_views_rerender_test.js,65,5,4,js,2014-11-25,2015-02-02
./packages/ember-htmlbars/tests/integration/block_params_test.js,130,10,4,js,2014-11-22,2015-02-02
./packages/ember-htmlbars/tests/integration/select_in_template_test.js,287,9,5,js,2014-11-21,2015-02-02
./packages/ember-htmlbars/tests/hooks/element_test.js,76,2,1,js,2014-12-21,2015-02-02
./packages/ember-htmlbars/tests/hooks/text_node_test.js,51,10,6,js,2014-10-17,2015-02-02
./packages/ember-htmlbars/tests/hooks/component_test.js,58,11,4,js,2014-11-15,2015-02-02
./packages/ember-htmlbars/tests/htmlbars_test.js,19,9,5,js,2014-06-14,2015-02-02
./packages/ember-htmlbars/lib/helpers/input.js,209,5,3,js,2014-11-15,2014-11-30
./packages/ember-htmlbars/lib/helpers/if_unless.js,98,17,8,js,2014-10-17,2014-12-18
./packages/ember-htmlbars/lib/helpers/loc.js,53,6,3,js,2014-11-10,2014-11-30
./packages/ember-htmlbars/lib/helpers/collection.js,253,18,6,js,2014-11-16,2015-01-15
./packages/ember-htmlbars/lib/helpers/bind-attr.js,237,14,3,js,2014-11-11,2015-01-02
./packages/ember-htmlbars/lib/helpers/log.js,29,5,2,js,2014-11-10,2014-11-30
./packages/ember-htmlbars/lib/helpers/unbound.js,82,9,4,js,2014-11-12,2014-12-18
./packages/ember-htmlbars/lib/helpers/each.js,192,14,8,js,2014-11-16,2014-12-24
./packages/ember-htmlbars/lib/helpers/text_area.js,198,3,1,js,2014-11-16,2014-11-24
./packages/ember-htmlbars/lib/helpers/view.js,216,15,6,js,2014-10-17,2015-01-23
./packages/ember-htmlbars/lib/helpers/with.js,92,16,6,js,2014-10-17,2014-12-24
./packages/ember-htmlbars/lib/helpers/partial.js,65,10,4,js,2014-11-11,2015-01-03
./packages/ember-htmlbars/lib/helpers/yield.js,107,6,4,js,2014-10-17,2015-01-16
./packages/ember-htmlbars/lib/helpers/debugger.js,68,4,2,js,2014-11-10,2014-12-18
./packages/ember-htmlbars/lib/helpers/component.js,92,2,2,js,2014-12-30,2015-01-15
./packages/ember-htmlbars/lib/helpers/template.js,21,4,3,js,2014-11-11,2014-11-24
./packages/ember-htmlbars/lib/utils/string.js,63,4,2,js,2014-11-16,2014-12-06
./packages/ember-htmlbars/lib/compat.js,33,7,1,js,2014-11-20,2015-01-18
./packages/ember-htmlbars/lib/system/bootstrap.js,105,7,4,js,2014-11-21,2015-01-02
./packages/ember-htmlbars/lib/system/lookup-helper.js,63,9,4,js,2014-11-12,2014-12-18
./packages/ember-htmlbars/lib/system/render-view.js,53,3,3,js,2015-01-03,2015-02-02
./packages/ember-htmlbars/lib/system/make_bound_helper.js,96,7,3,js,2014-11-27,2014-12-23
./packages/ember-htmlbars/lib/system/helper.js,17,4,1,js,2014-11-18,2015-01-05
./packages/ember-htmlbars/lib/system/append-templated-view.js,38,2,2,js,2014-12-24,2015-01-31
./packages/ember-htmlbars/lib/system/merge-view-bindings.js,100,1,1,js,2014-12-24,2014-12-24
./packages/ember-htmlbars/lib/system/make-view-helper.js,29,5,2,js,2014-10-17,2014-11-24
./packages/ember-htmlbars/lib/env.js,39,4,3,js,2015-01-03,2015-02-02
./packages/ember-htmlbars/lib/helpers.js,40,9,2,js,2014-10-17,2015-01-26
./packages/ember-htmlbars/lib/compat/register-bound-helper.js,125,1,1,js,2014-11-18,2014-11-18
./packages/ember-htmlbars/lib/compat/make-bound-helper.js,129,12,3,js,2014-11-18,2014-12-23
./packages/ember-htmlbars/lib/compat/helper.js,100,13,3,js,2014-11-18,2015-01-24
./packages/ember-htmlbars/lib/compat/handlebars-get.js,22,2,1,js,2014-11-20,2014-11-24
./packages/ember-htmlbars/lib/hooks/concat.js,13,4,2,js,2014-12-04,2014-12-18
./packages/ember-htmlbars/lib/hooks/attribute.js,30,10,4,js,2014-11-22,2015-01-30
./packages/ember-htmlbars/lib/hooks/element.js,39,5,3,js,2014-11-22,2014-12-21
./packages/ember-htmlbars/lib/hooks/content.js,29,5,3,js,2014-11-22,2014-12-18
./packages/ember-htmlbars/lib/hooks/set.js,18,3,2,js,2014-11-22,2014-12-18
./packages/ember-htmlbars/lib/hooks/subexpr.js,18,4,3,js,2014-11-22,2014-12-18
./packages/ember-htmlbars/lib/hooks/inline.js,22,2,2,js,2014-12-18,2015-01-01
./packages/ember-htmlbars/lib/hooks/component.js,16,5,4,js,2014-11-22,2015-01-01
./packages/ember-htmlbars/lib/hooks/block.js,26,1,1,js,2014-12-18,2014-12-18
./packages/ember-htmlbars/lib/hooks/get.js,8,2,2,js,2014-11-30,2014-12-18
./packages/ember-htmlbars/lib/main.js,81,47,8,js,2014-06-14,2015-01-12
./packages/ember/tests/helpers/helper_registration_test.js,116,15,4,js,2013-09-03,2015-02-02
./packages/ember/tests/helpers/link_to_test.js,1836,111,40,js,2012-12-31,2015-02-02
./packages/ember/tests/global-api-test.js,12,3,1,js,2014-07-09,2015-02-02
./packages/ember/tests/component_registration_test.js,333,28,12,js,2013-06-21,2015-02-02
./packages/ember/tests/application_lifecycle.js,114,11,8,js,2013-05-20,2015-02-02
./packages/ember/tests/routing/basic_test.js,3436,177,52,js,2012-12-31,2015-02-02
./packages/ember/tests/routing/query_params_test.js,1625,62,19,js,2013-09-09,2015-02-02
./packages/ember/tests/routing/router_map_test.js,87,3,2,js,2014-12-19,2015-02-02
./packages/ember/tests/routing/substates_test.js,742,18,7,js,2013-10-20,2015-02-02
./packages/ember/tests/homepage_example_test.js,80,9,3,js,2013-04-10,2015-02-02
./packages/ember/lib/main.js,30,23,8,js,2011-12-12,2015-01-18
./packages/ember-metal/tests/is_empty_test.js,39,6,4,js,2014-05-20,2015-02-02
./packages/ember-metal/tests/binding/one_way_test.js,45,2,2,js,2015-01-06,2015-02-02
./packages/ember-metal/tests/binding/connect_test.js,120,34,15,js,2011-12-12,2015-02-02
./packages/ember-metal/tests/binding/sync_test.js,140,22,8,js,2011-12-12,2014-12-02
./packages/ember-metal/tests/core/inspect_test.js,54,7,5,js,2013-12-10,2015-02-02
./packages/ember-metal/tests/accessors/get_test.js,178,19,14,js,2011-12-12,2015-02-02
./packages/ember-metal/tests/accessors/get_properties_test.js,19,2,2,js,2015-01-06,2015-02-02
./packages/ember-metal/tests/accessors/set_path_test.js,120,3,2,js,2015-01-06,2015-02-02
./packages/ember-metal/tests/accessors/set_test.js,50,10,7,js,2011-12-12,2015-02-02
./packages/ember-metal/tests/accessors/get_path_test.js,113,3,2,js,2015-01-06,2015-02-02
./packages/ember-metal/tests/accessors/mandatory_setters_test.js,167,7,2,js,2014-10-25,2015-02-02
./packages/ember-metal/tests/accessors/normalize_tuple_test.js,103,3,2,js,2015-01-06,2015-02-02
./packages/ember-metal/tests/accessors/is_global_path_test.js,18,2,2,js,2015-01-06,2015-02-02
./packages/ember-metal/tests/performance_test.js,65,14,7,js,2011-12-12,2015-02-02
./packages/ember-metal/tests/props_helper.js,59,16,7,js,2011-12-12,2015-02-02
./packages/ember-metal/tests/utils/try_catch_finally_test.js,160,8,6,js,2012-12-22,2015-02-02
./packages/ember-metal/tests/utils/is_array_test.js,23,10,7,js,2013-03-07,2015-02-02
./packages/ember-metal/tests/utils/generate_guid_test.js,9,5,4,js,2013-09-27,2015-02-02
./packages/ember-metal/tests/utils/meta_test.js,90,24,13,js,2011-12-12,2015-02-02
./packages/ember-metal/tests/utils/guid_for_test.js,85,2,2,js,2015-01-06,2015-02-02
./packages/ember-metal/tests/utils/try_invoke_test.js,32,7,4,js,2012-06-20,2015-02-02
./packages/ember-metal/tests/utils/try_finally_test.js,94,8,6,js,2012-12-22,2015-02-02
./packages/ember-metal/tests/utils/can_invoke_test.js,32,5,4,js,2012-06-20,2015-02-02
./packages/ember-metal/tests/utils/type_of_test.js,33,9,6,js,2013-11-06,2015-02-02
./packages/ember-metal/tests/observer_test.js,1232,56,18,js,2011-12-12,2015-01-26
./packages/ember-metal/tests/keys_test.js,120,5,4,js,2014-08-01,2015-02-02
./packages/ember-metal/tests/mixin/alias_method_test.js,80,8,5,js,2013-01-08,2015-02-02
./packages/ember-metal/tests/mixin/detect_test.js,37,8,4,js,2011-12-12,2015-02-02
./packages/ember-metal/tests/mixin/observer_test.js,216,12,9,js,2011-12-12,2015-01-01
./packages/ember-metal/tests/mixin/merged_properties_test.js,168,3,3,js,2015-01-06,2015-02-02
./packages/ember-metal/tests/mixin/without_test.js,18,7,4,js,2011-12-12,2015-02-02
./packages/ember-metal/tests/mixin/required_test.js,55,10,5,js,2011-12-12,2015-02-02
./packages/ember-metal/tests/mixin/computed_test.js,142,9,7,js,2012-09-20,2015-02-02
./packages/ember-metal/tests/mixin/introspection_test.js,56,10,6,js,2011-12-12,2015-02-02
./packages/ember-metal/tests/mixin/reopen_test.js,49,11,6,js,2011-12-12,2015-02-02
./packages/ember-metal/tests/mixin/concatenated_properties_test.js,117,2,2,js,2015-01-06,2015-02-02
./packages/ember-metal/tests/mixin/apply_test.js,42,12,8,js,2011-12-12,2015-02-02
./packages/ember-metal/tests/mixin/method_test.js,215,13,7,js,2011-12-12,2015-02-02
./packages/ember-metal/tests/watching/watch_test.js,271,26,13,js,2011-12-12,2015-02-02
./packages/ember-metal/tests/watching/is_watching_test.js,81,2,2,js,2015-01-06,2015-02-02
./packages/ember-metal/tests/watching/unwatch_test.js,112,13,7,js,2011-12-12,2015-02-02
./packages/ember-metal/tests/is_none_test.js,19,3,1,js,2014-05-20,2015-02-02
./packages/ember-metal/tests/cache_test.js,52,2,2,js,2014-10-03,2015-02-02
./packages/ember-metal/tests/main_test.js,11,3,3,js,2014-10-12,2015-02-02
./packages/ember-metal/tests/is_blank_test.js,25,4,2,js,2014-05-20,2015-02-02
./packages/ember-metal/tests/events_test.js,284,21,9,js,2011-12-12,2015-02-02
./packages/ember-metal/tests/set_properties_test.js,26,4,3,js,2014-10-23,2015-02-02
./packages/ember-metal/tests/computed_test.js,1265,76,25,js,2011-12-12,2015-02-02
./packages/ember-metal/tests/properties_test.js,84,17,9,js,2011-12-12,2015-02-02
./packages/ember-metal/tests/run_loop/debounce_test.js,18,7,6,js,2013-06-04,2015-02-02
./packages/ember-metal/tests/run_loop/run_test.js,16,7,5,js,2011-12-12,2015-02-02
./packages/ember-metal/tests/run_loop/add_queue_test.js,27,4,3,js,2014-05-20,2015-02-02
./packages/ember-metal/tests/run_loop/next_test.js,49,12,9,js,2011-12-12,2014-12-07
./packages/ember-metal/tests/run_loop/schedule_test.js,79,19,10,js,2011-12-12,2015-02-02
./packages/ember-metal/tests/run_loop/once_test.js,60,12,7,js,2011-12-12,2015-02-02
./packages/ember-metal/tests/run_loop/run_bind_test.js,36,6,4,js,2014-01-03,2015-02-02
./packages/ember-metal/tests/run_loop/later_test.js,239,30,14,js,2011-12-12,2015-01-01
./packages/ember-metal/tests/run_loop/onerror_test.js,30,8,5,js,2012-01-05,2015-02-02
./packages/ember-metal/tests/run_loop/unwind_test.js,41,15,9,js,2011-12-16,2015-02-02
./packages/ember-metal/tests/run_loop/sync_test.js,35,16,9,js,2011-12-12,2015-02-02
./packages/ember-metal/tests/injected_property_test.js,62,3,2,js,2014-07-14,2015-02-02
./packages/ember-metal/tests/enumerable_utils_test.js,22,8,5,js,2012-10-26,2015-02-02
./packages/ember-metal/tests/platform/define_property_test.js,128,4,2,js,2015-01-06,2015-02-02
./packages/ember-metal/tests/platform/create_test.js,42,12,6,js,2011-12-12,2015-02-02
./packages/ember-metal/tests/instrumentation_test.js,215,9,6,js,2012-10-15,2015-02-02
./packages/ember-metal/tests/features_test.js,54,8,5,js,2013-10-22,2015-02-02
./packages/ember-metal/tests/libraries_test.js,93,8,6,js,2013-09-06,2015-02-02
./packages/ember-metal/tests/chains_test.js,17,6,4,js,2014-01-10,2015-02-02
./packages/ember-metal/tests/is_present_test.js,26,6,4,js,2014-07-09,2015-02-02
./packages/ember-metal/tests/expand_properties_test.js,75,4,4,js,2014-07-13,2015-02-02
./packages/ember-metal/tests/alias_test.js,65,6,4,js,2014-07-10,2015-02-02
./packages/ember-metal/tests/error_test.js,9,6,3,js,2013-10-15,2015-02-02
./packages/ember-metal/tests/streams/stream_binding_test.js,148,5,2,js,2014-08-29,2015-02-02
./packages/ember-metal/tests/streams/simple_stream_test.js,39,3,2,js,2014-10-14,2015-02-02
./packages/ember-metal/tests/map_test.js,583,21,8,js,2012-06-21,2015-02-02
./packages/ember-metal/lib/deprecate_property.js,43,4,3,js,2014-09-14,2015-01-26
./packages/ember-metal/lib/is_present.js,28,3,3,js,2014-07-09,2015-01-15
./packages/ember-metal/lib/property_events.js,306,21,12,js,2013-03-31,2015-01-31
./packages/ember-metal/lib/run_loop.js,632,104,44,js,2011-12-12,2015-01-15
./packages/ember-metal/lib/injected_property.js,50,6,4,js,2014-07-14,2015-01-31
./packages/ember-metal/lib/property_set.js,156,28,14,js,2013-03-31,2015-01-31
./packages/ember-metal/lib/array.js,135,40,14,js,2011-12-12,2015-01-01
./packages/ember-metal/lib/properties.js,163,66,18,js,2011-12-12,2015-01-31
./packages/ember-metal/lib/merge.js,34,4,3,js,2014-05-20,2014-12-24
./packages/ember-metal/lib/dependent_keys.js,91,8,4,js,2014-07-09,2015-01-26
./packages/ember-metal/lib/instrumentation.js,226,21,12,js,2012-10-15,2014-12-23
./packages/ember-metal/lib/binding.js,496,67,22,js,2011-12-12,2014-11-05
./packages/ember-metal/lib/watch_path.js,46,9,4,js,2013-03-31,2014-09-23
./packages/ember-metal/lib/watch_key.js,106,26,10,js,2013-03-31,2015-01-31
./packages/ember-metal/lib/enumerable_utils.js,237,12,9,js,2012-10-26,2014-10-14
./packages/ember-metal/lib/keys.js,60,12,5,js,2014-08-01,2015-01-26
./packages/ember-metal/lib/error.js,42,7,4,js,2013-10-15,2015-01-26
./packages/ember-metal/lib/chains.js,396,24,9,js,2013-03-31,2015-01-31
./packages/ember-metal/lib/get_properties.js,39,7,7,js,2013-08-26,2014-12-30
./packages/ember-metal/lib/dictionary.js,13,4,3,js,2014-07-18,2015-01-26
./packages/ember-metal/lib/alias.js,84,9,6,js,2014-07-10,2015-01-31
./packages/ember-metal/lib/libraries.js,70,6,6,js,2013-09-06,2014-10-12
./packages/ember-metal/lib/core.js,210,117,33,js,2011-12-12,2015-02-02
./packages/ember-metal/lib/property_get.js,182,32,15,js,2013-03-31,2015-01-31
./packages/ember-metal/lib/is_none.js,24,2,1,js,2014-05-20,2014-11-01
./packages/ember-metal/lib/mixin.js,946,161,42,js,2011-12-12,2015-01-31
./packages/ember-metal/lib/is_blank.js,28,2,2,js,2014-05-20,2014-08-23
./packages/ember-metal/lib/observer_set.js,67,6,4,js,2013-03-31,2014-08-13
./packages/ember-metal/lib/events.js,422,65,19,js,2011-12-12,2015-01-26
./packages/ember-metal/lib/is_empty.js,60,7,6,js,2014-05-20,2014-11-25
./packages/ember-metal/lib/logger.js,149,11,9,js,2013-10-15,2014-11-08
./packages/ember-metal/lib/computed_macros.js,715,21,14,js,2014-07-09,2015-01-25
./packages/ember-metal/lib/environment.js,42,3,2,js,2014-12-15,2015-01-15
./packages/ember-metal/lib/set_properties.js,38,10,8,js,2013-03-31,2014-10-23
./packages/ember-metal/lib/platform/define_properties.js,20,1,1,js,2014-10-27,2014-10-27
./packages/ember-metal/lib/platform/create.js,102,6,4,js,2014-10-27,2015-01-31
./packages/ember-metal/lib/platform/define_property.js,137,4,2,js,2014-10-27,2015-01-26
./packages/ember-metal/lib/expand_properties.js,73,13,7,js,2013-10-05,2015-01-26
./packages/ember-metal/lib/computed.js,638,161,48,js,2011-12-12,2015-01-31
./packages/ember-metal/lib/map.js,509,42,17,js,2012-06-02,2015-01-26
./packages/ember-metal/lib/cache.js,52,3,3,js,2014-07-24,2014-10-03
./packages/ember-metal/lib/utils.js,978,118,42,js,2011-12-12,2015-01-31
./packages/ember-metal/lib/watching.js,112,85,15,js,2011-12-12,2014-12-23
./packages/ember-metal/lib/path_cache.js,59,3,3,js,2014-07-24,2014-12-20
./packages/ember-metal/lib/main.js,432,35,17,js,2011-12-12,2015-02-02
./packages/ember-metal/lib/streams/stream.js,153,9,3,js,2014-08-29,2015-01-26
./packages/ember-metal/lib/streams/stream_binding.js,77,5,2,js,2014-08-29,2015-01-26
./packages/ember-metal/lib/streams/utils.js,231,8,7,js,2014-11-27,2015-01-15
./packages/ember-metal/lib/streams/conditional.js,53,2,2,js,2014-12-19,2015-01-26
./packages/ember-metal/lib/streams/simple.js,63,6,2,js,2014-08-29,2015-01-26
./packages/ember-metal/lib/observer.js,116,43,12,js,2011-12-12,2014-11-24
./packages/ember-application/tests/system/initializers_test.js,346,21,16,js,2012-12-28,2015-02-02
./packages/ember-application/tests/system/dependency_injection/to_string_test.js,66,11,9,js,2013-08-27,2015-02-02
./packages/ember-application/tests/system/dependency_injection/normalization_test.js,44,7,6,js,2013-07-04,2015-02-02
./packages/ember-application/tests/system/dependency_injection/custom_resolver_test.js,36,10,7,js,2013-07-04,2015-02-02
./packages/ember-application/tests/system/dependency_injection/default_resolver_test.js,182,25,12,js,2013-07-04,2015-02-02
./packages/ember-application/tests/system/instance_initializers_test.js,348,4,3,js,2015-01-21,2015-02-02
./packages/ember-application/tests/system/logging_test.js,235,16,8,js,2013-05-18,2015-02-02
./packages/ember-application/tests/system/readiness_test.js,131,19,8,js,2012-08-16,2015-02-02
./packages/ember-application/tests/system/dependency_injection_test.js,76,16,11,js,2013-07-04,2015-02-02
./packages/ember-application/tests/system/visit_test.js,85,2,1,js,2015-01-29,2015-01-29
./packages/ember-application/tests/system/controller_test.js,161,26,11,js,2013-01-27,2015-02-02
./packages/ember-application/tests/system/application_test.js,304,90,28,js,2012-05-16,2015-02-02
./packages/ember-application/tests/system/reset_test.js,283,32,13,js,2013-02-09,2015-02-02
./packages/ember-application/lib/system/resolver.js,402,36,15,js,2013-03-17,2015-02-01
./packages/ember-application/lib/system/application.js,1145,267,68,js,2012-05-16,2015-02-01
./packages/ember-application/lib/system/application-instance.js,191,7,3,js,2015-01-21,2015-01-29
./packages/ember-application/lib/ext/controller.js,179,41,16,js,2013-01-27,2015-01-31
./packages/ember-application/lib/main.js,23,15,9,js,2012-05-16,2014-10-01
./config/s3ProjectConfig.js,51,9,4,js,2014-07-28,2014-12-23
./features.json,31,149,41,json,2013-10-22,2015-01-29
./bower.json,15,45,18,json,2014-04-16,2015-02-02
./yuidoc.json,24,3,3,json,2014-10-23,2014-12-30
./package.json,30,105,25,json,2011-05-17,2015-02-02
./config/package_manager_files/component.json,12,6,4,json,2014-06-17,2014-12-29
./config/package_manager_files/composer.json,28,6,4,json,2014-06-17,2014-12-29
./config/package_manager_files/bower.json,10,5,3,json,2014-06-17,2014-12-29
./config/package_manager_files/package.json,12,5,3,json,2014-06-17,2014-12-29
./packages/ember-htmlbars/lib/templates/component.hbs,0,1,1,hbs,2014-12-10,2014-12-10
./packages/ember-htmlbars/lib/templates/select.hbs,1,2,2,hbs,2014-11-19,2014-11-26
./packages/ember-htmlbars/lib/templates/empty.hbs,0,1,1,hbs,2014-12-21,2014-12-21
./lib/ember/source.rb,9,2,2,rb,2013-02-20,2013-05-02
./lib/ember/version.rb,11,6,4,rb,2013-04-21,2013-10-17
./scripts/list_file_sizes.rb,43,1,1,rb,2012-04-21,2012-04-21
./tests/index.html,146,89,16,html,2011-12-09,2015-02-02
